,housing SSE (left),perm SSE (left)
2,14149.238286834398,117411.3400240775
5,8720.393263002683,67749.65649462403
10,6524.269424459921,41941.361271567985
15,5462.619588649773,32843.519994957984
20,4885.704539624101,27731.28456693898
25,4505.557008425383,24393.793699556954
30,4113.951099770587,21996.89385195613
35,3883.9315735511123,20221.462647241562
40,3659.196199691909,18962.074711106558
50,3258.319924924306,16894.43574486846
