,housing SSE (left),perm SSE (left)
2,14840.44594521681,108717.47449744579
5,10216.810655504309,71833.89168046392
10,8265.349394131104,47452.634756138235
15,7256.255792719794,37700.78040374562
20,6588.686030270527,31089.97483541546
25,6106.141810749773,27611.19740218315
30,5686.54212612956,25516.95601206331
35,5338.936892320645,23873.91350852064
40,5062.952779170193,22410.376150703807
50,4589.213022789418,20267.23384537494
