,housing SSE (left),perm SSE (left)
2,14840.445945216808,108717.47449744579
5,10216.810655504309,71833.89168046393
10,8265.349394131104,47452.63475613823
15,7256.255792719794,37700.780403745615
20,6588.686030270528,31089.97483541546
25,6106.141810749773,27611.19740218315
30,5686.54212612956,25516.956012063307
35,5338.936892320646,23873.91350852064
40,5062.952779170193,22410.376150703803
50,4589.213022789418,20267.233845374936
